{
    "ca_cer":"cert/dlbooster_ca.cer",
    "ca_key":"cert/dlbooster_ca.key",
    "ca_subjectname":"DL加速器 CA Local",
    "ca_san":[
        "*.dlsite.com"
    ],
    "ca_install":true,
    "subject_name":"DL加速器",
    "san":[
        "dlsite.com",
        "www.dlsite.com",
        "*.dlsite.com",
        "www.dlsite.com",
        "*.dl.dlsite.com",
        "dlsite.jp",
        "img.dlsite.jp",
        "*.dlsite.jp",
        "*.img.dlsite.jp",
        "ci-en.net",
        "www.ci-en.net",
        "*.ci-en.net",
        "ci-en.jp",
        "www.ci-en.jp",
        "*.ci-en.jp",
        "chobit.cc",
        "file.chobit.cc",
        "*.chobit.cc",
        "eisys-bcs.jp",
        "www.eisys-bcs.jp",
        "*.eisys-bcs.jp",
        "eisys.co.jp",
        "www.eisys.co.jp",
        "*.eisys.co.jp",
        "ajax.googleapis.com",
        "fonts.googleapis.com",
        "fonts.gstatic.com",
        "cdn-apac.onetrust.com",
        "eisys.zendesk.com",
        "www.google-analytics.com",
        "www.googletagmanager.com",
        "localhost"
    ],
    "key":"cert/dlbooster.key",
    "cer":"cert/dlbooster.cer",
    "overwrite":false
}